Login,Password,address1,address2,pass1,arrive,depart
jojo,bean,Firststreet,Liberty,Jojo Bean,Portland,Denver
ivanko,ivanov,Tverskaya,Sultanstreet,Ivanko Ivanov,San Francisco,Frankfurt
tom,hardy,Walkinstreet,Greenstreet,Tom Hardy,Siattle,London
jay,lo,Megastreet,Beutystreet,Jay Lopez,Sydney,Los Angeles
hel,mi,Brownstreet,Whitestreet,Helen MI,Zurich,Paris
jim,kar, Towerstreet,Megasquare, Jimmy Karry,Denver,Portland
bel,lip,Gornaya street, Blugarden,Bella Lipich,Frankfurt,San Francisco
gret,sto, Greystreet, Magazin street, Greta Stown,London,Siattle
jef,bri, Fallsstreet, Whiteolimpikstreet, Jefry Bright,Los Angeles,Sydney
el,si,Blackstreet, Marafonstreet, Ella Site,Paris,Zurich
